PLAYER,POS,Team,G,AB,R,H,2B,3B,HR,RBI,BB,K,SB,CS,AVG,SLG,OBP,OPS
"Abreu, Bobby",DH/OF,LAA,142,502,54.000,127.000,30,1,8,60,78,113,21.000,5.000,.253,.365,.353,.717
"Ackley, Dustin",2B,SEA,90,333,39.000,91.000,16,7,6,36,40,79,6.000,.000,.273,.417,.348,.766
"Adams, Ryan",2B,BAL,29,89,9.000,25.000,4,0,0,7,6,25,.000,.000,.281,.326,.333,.659
"Alfonzo, Eliezer",C,COL,25,75,2.000,20.000,1,0,1,9,3,13,.000,.000,.267,.320,.304,.624
"Allen, Brandon",1B,OAK,52,175,23.000,35.000,9,2,6,18,18,68,3.000,.000,.200,.377,.277,.654
"Almonte, Erick",OF,MIL,16,29,1.000,3.000,0,0,1,3,0,4,.000,.000,.103,.207,.103,.310
"Alonso, Yonder",OF,CIN,47,88,9.000,29.000,4,0,5,15,10,21,.000,.000,.330,.545,.398,.943
"Altuve, Jose",2B,HOU,57,221,26.000,61.000,10,1,2,12,5,29,7.000,3.000,.276,.357,.297,.654
"Alvarez, Pedro",3B,PIT,74,235,18.000,45.000,9,1,4,19,24,80,1.000,.000,.191,.289,.272,.561
"Amarista, Alexi",2B,LAA,23,52,2.000,8.000,3,1,0,5,2,8,.000,.000,.154,.250,.182,.432
"Amezaga, Alfredo",2B,FA,40,77,6.000,14.000,1,0,0,4,7,14,.000,.000,.182,.195,.247,.442
"Anderson, Lars",1B,BOS,6,5,2.000,.000,0,0,0,0,0,3,.000,.000,.000,.000,.000,.000
"Andino, Robert",2B/3B/SS,BAL,139,457,63.000,120.000,22,0,5,36,41,83,13.000,3.000,.263,.344,.327,.670
"Andrus, Elvis",SS,TEX,150,587,96.000,164.000,27,3,5,60,56,74,37.000,12.000,.279,.361,.347,.708
"Angle, Matt",OF,BAL,31,79,12.000,14.000,4,0,1,7,12,13,11.000,1.000,.177,.266,.293,.559
"Ankiel, Rick",OF,WSH,122,380,46.000,91.000,20,0,9,37,29,96,10.000,3.000,.239,.363,.296,.659
"Arencibia , J.P.",C,TOR,129,443,47.000,97.000,20,4,23,78,36,133,1.000,1.000,.219,.438,.282,.720
"Avila, Alex",C,DET,141,464,63.000,137.000,33,4,19,82,73,131,3.000,1.000,.295,.506,.389,.895
"Aviles, Mike",3B/2B,BOS,91,286,31.000,73.000,17,3,7,39,13,44,14.000,4.000,.255,.409,.289,.698
"Aybar, Erick",SS,LAA,143,556,71.000,155.000,33,8,10,59,31,68,30.000,6.000,.279,.421,.322,.743
"Baker, Jeff",1B,CHC,81,201,20.000,54.000,12,1,3,23,10,46,.000,.000,.269,.383,.302,.685
"Baker, John",C,FLA,16,13,.000,2.000,0,0,0,1,2,3,.000,.000,.154,.154,.267,.421
"Barajas, Rod",C,LAD,98,305,29.000,70.000,13,0,16,47,22,71,.000,.000,.230,.430,.287,.717
"Bard, Josh",C,SEA,26,81,5.000,17.000,4,0,2,11,5,20,.000,.000,.210,.333,.256,.589
"Barmes, Clint",SS,HOU,123,446,47.000,109.000,27,0,12,39,38,88,3.000,1.000,.244,.386,.312,.698
"Barney, Darwin",2B,CHC,143,529,66.000,146.000,23,6,2,43,22,67,9.000,2.000,.276,.353,.313,.666
"Bartlett, Jason",SS,SD,138,549,61.000,135.000,22,3,2,40,47,97,21.000,10.000,.246,.308,.308,.616
"Barton, Daric ",1B,OAK,67,236,27.000,49.000,12,0,0,21,39,47,2.000,1.000,.208,.258,.321,.580
"Bautista, Jose",OF/3B,TOR,149,513,105.000,155.000,24,2,43,103,132,111,9.000,5.000,.302,.608,.447,1.056
"Baxter, Mike",OF,NYM,22,34,6.000,8.000,2,1,1,4,5,9,.000,.000,.235,.441,.350,.791
"Bay, Jason",OF,NYM,123,444,59.000,109.000,19,1,12,57,56,109,11.000,1.000,.245,.374,.329,.703
"Beckham, Gordon",2B,CHW,150,499,60.000,115.000,23,0,10,44,35,111,5.000,3.000,.230,.337,.296,.633
"Bell, Josh",3B,BAL,26,61,6.000,10.000,0,0,0,6,4,25,.000,.000,.164,.164,.215,.379
"Belt, Brandon",OF/1B,SF,63,187,21.000,42.000,6,1,9,18,20,57,3.000,2.000,.225,.412,.306,.718
"Beltran, Carlos",OF,SF,142,520,78.000,156.000,39,6,22,84,71,88,4.000,2.000,.300,.525,.385,.910
"Beltre, Adrian",3B,TEX,124,487,82.000,144.000,33,0,32,106,25,53,1.000,1.000,.296,.561,.331,.892
"Benson, Joe",OF,MIN,21,71,3.000,17.000,6,1,0,2,3,21,2.000,2.000,.239,.352,.270,.622
"Berkman, Lance",OF/1B,STL,145,488,90.000,147.000,23,2,31,94,92,93,2.000,6.000,.301,.547,.412,.959
"Bernadina, Roger",OF,WSH,91,309,40.000,75.000,12,2,7,27,22,63,17.000,3.000,.243,.362,.301,.664
"Betancourt, Yuniesky",SS,MIL,152,556,51.000,140.000,27,3,13,68,16,63,4.000,4.000,.252,.381,.271,.652
"Betemit, Wilson",3B,DET,97,323,40.000,92.000,22,4,8,46,31,105,4.000,1.000,.285,.452,.343,.795
"Bixler, Brian",OF,WSH,79,83,9.000,17.000,1,2,0,2,7,19,4.000,3.000,.205,.265,.267,.532
"Blackmon, Charlie",OF,COL,27,98,9.000,25.000,1,0,1,8,3,8,5.000,1.000,.255,.296,.277,.573
"Blake, Casey",3B,LAD,62,197,30.000,50.000,10,1,4,26,25,48,.000,2.000,.254,.376,.342,.718
"Blanco, Andres",SS,TEX,36,76,9.000,17.000,3,0,2,3,4,14,.000,1.000,.224,.342,.263,.605
"Blanco, Henry",C,AZ,37,100,12.000,25.000,3,1,8,12,12,21,.000,1.000,.250,.540,.330,.870
"Blanks, Kyle",OF,SD,55,170,21.000,39.000,7,1,7,26,16,51,2.000,.000,.229,.406,.300,.706
"Bloomquist, Willie",SS/OF,AZ,97,350,44.000,93.000,10,2,4,26,23,51,20.000,10.000,.266,.340,.317,.657
"Blum, Geoff",3B,AZ,23,49,8.000,11.000,3,0,2,10,5,9,.000,.000,.224,.408,.309,.717
"Boesch, Brennan",OF,DET,115,428,75.000,121.000,25,1,16,54,35,83,5.000,3.000,.283,.458,.341,.799
"Boggs, Brandon",OF,MIL,16,19,4.000,3.000,0,0,2,2,3,8,1.000,.000,.158,.474,.273,.746
"Bogusevic, Brian",OF,HOU,87,164,22.000,47.000,14,1,4,15,15,40,4.000,2.000,.287,.457,.348,.805
"Bonifacio, Emilio",SS/3B/OF,FLA,152,565,78.000,167.000,26,7,5,36,59,129,40.000,11.000,.296,.393,.360,.753
"Borbon, Julio",OF,TEX,32,89,10.000,24.000,1,3,0,11,3,9,6.000,2.000,.270,.348,.305,.654
"Boscan, J.C.",C,ATL,4,9,.000,3.000,0,0,0,0,0,5,.000,.000,.333,.333,.333,.667
"Bourgeois, Jason",OF,HOU,93,238,30.000,70.000,8,2,1,16,10,24,31.000,6.000,.294,.357,.323,.680
"Bourjos, Peter",OF,LAA,147,502,72.000,136.000,26,11,12,43,32,124,22.000,9.000,.271,.438,.327,.765
"Bourn, Michael",OF,ATL,158,656,94.000,193.000,34,10,2,50,53,140,61.000,14.000,.294,.386,.349,.734
"Bowker, John",OF/1B,PHI,31,30,.000,4.000,1,0,0,2,2,11,.000,1.000,.133,.167,.188,.354
"Bradley, Milton",OF,SEA,28,101,12.000,22.000,6,1,2,13,13,31,4.000,.000,.218,.356,.313,.669
"Brantley, Michael",OF,CLE,114,451,63.000,120.000,24,4,7,46,34,76,13.000,5.000,.266,.384,.318,.702
"Branyan, Russell",1B,LAA,68,127,11.000,25.000,7,0,5,14,18,41,2.000,.000,.197,.370,.295,.665
"Braun, Ryan",OF,MIL,150,563,109.000,187.000,38,6,33,111,58,93,33.000,6.000,.332,.597,.397,.994
"Brignac, Reid",SS,TB,92,249,18.000,48.000,4,0,1,15,10,63,3.000,1.000,.193,.221,.227,.448
"Brown, Andrew",OF,STL,11,22,1.000,4.000,1,0,0,3,0,8,.000,.000,.182,.227,.182,.409
"Brown, Corey",OF,WSH,3,3,.000,.000,0,0,0,0,0,2,.000,.000,.000,.000,.000,.000
"Brown, Domonic",OF,PHI,56,184,28.000,45.000,10,1,5,19,25,35,3.000,1.000,.245,.391,.333,.725
"Brown, Dusty",C,PIT,11,28,2.000,3.000,0,0,0,0,1,10,1.000,.000,.107,.107,.138,.245
"Bruce, Jay",OF,CIN,157,585,84.000,150.000,27,2,32,97,71,158,8.000,7.000,.256,.474,.341,.814
"Buck, John",C,FLA,140,466,41.000,106.000,15,1,16,57,54,115,.000,1.000,.227,.367,.316,.683
"Buck, Travis",OF,CLE,50,149,18.000,34.000,11,0,2,18,8,30,1.000,1.000,.228,.342,.275,.617
"Burrell, Pat",OF,SF,92,183,17.000,42.000,9,1,7,21,33,67,.000,.000,.230,.404,.352,.756
"Burriss, Emmanuel",2B,SF,59,137,14.000,28.000,1,0,0,4,6,17,11.000,3.000,.204,.212,.253,.465
"Burroughs, Sean",3B,SEA,78,110,8.000,30.000,4,0,1,8,3,15,1.000,.000,.273,.336,.289,.626
"Butera, Drew",C,MIN,93,234,19.000,39.000,9,1,2,23,11,42,.000,.000,.167,.239,.210,.449
"Butler, Billy",DH,KC,159,597,74.000,174.000,44,0,19,95,66,95,2.000,1.000,.291,.461,.361,.822
"Byrd, Marlon",OF,CHC,119,446,51.000,123.000,22,2,9,35,25,78,3.000,2.000,.276,.395,.324,.719
"Cabrera, Asdrubal",SS,CLE,151,604,87.000,165.000,32,3,25,92,44,119,17.000,5.000,.273,.460,.332,.792
"Cabrera, Everth",SS,SD,2,8,1.000,1.000,0,0,0,0,1,3,2.000,.000,.125,.125,.222,.347
"Cabrera, Melky",OF,KC,155,658,102.000,201.000,44,5,18,87,35,94,20.000,10.000,.305,.470,.339,.809
"Cabrera, Miguel",1B,DET,161,572,111.000,198.000,48,0,30,105,108,89,2.000,1.000,.346,.587,.449,1.037
"Cabrera, Orlando",2B/SS,SF,130,450,39.000,107.000,16,0,5,51,17,57,8.000,4.000,.238,.307,.267,.573
"Cain, Lorenzo",OF,KC,6,22,4.000,6.000,1,0,0,1,1,4,.000,.000,.273,.318,.304,.623
"Cairo, Miguel",3B,CIN,102,245,33.000,65.000,8,2,8,33,18,36,3.000,4.000,.265,.412,.330,.742
"Callaspo, Albert",3B,LAA,141,475,54.000,137.000,23,0,6,46,58,48,8.000,1.000,.288,.375,.366,.740
"Cameron, Mike",OF,FA,78,237,27.000,48.000,10,0,9,27,28,59,1.000,.000,.203,.359,.285,.643
"Campana, Tony",OF,CHC,95,143,24.000,37.000,3,0,1,6,8,30,24.000,2.000,.259,.301,.303,.603
"Cancel, Robinson",C,HOU,2,6,.000,.000,0,0,0,0,1,4,.000,.000,.000,.000,.143,.143
"Cano, Robinson",2B,NYY,159,623,104.000,188.000,46,7,28,118,38,96,8.000,2.000,.302,.533,.349,.882
"Cantu, Jorge",1B,COL,56,139,8.000,27.000,3,0,3,16,7,28,.000,.000,.194,.281,.233,.514
"Canzler, Russ",DH,TB,3,3,.000,1.000,0,0,0,1,1,1,.000,.000,.333,.333,.400,.733
"Carp, Mike",1B/OF,SEA,79,290,27.000,80.000,17,1,12,46,19,81,.000,2.000,.276,.466,.326,.791
"Carpenter, Matt",3B,STL,7,15,.000,1.000,1,0,0,0,4,4,.000,.000,.067,.133,.263,.396
"Carrera, Ezequiel",OF,CLE,68,202,27.000,49.000,8,3,0,14,16,35,10.000,5.000,.243,.312,.301,.613
"Carroll, Brett",OF,BOS,2,3,.000,.000,0,0,0,0,0,1,.000,.000,.000,.000,.000,.000
"Carroll, Jamey",2B/SS,LAD,145,452,52.000,131.000,14,6,0,17,46,58,9.000,.000,.290,.347,.357,.705
"Carter, Chris",1B,TB,15,44,2.000,6.000,0,0,0,0,2,20,.000,.000,.136,.136,.174,.310
"Casilla, Alexi",2B/SS,MIN,97,323,52.000,84.000,21,4,2,21,28,45,15.000,4.000,.260,.368,.322,.691
"Castillo, Welington",C,CHC,4,13,.000,2.000,0,0,0,0,0,4,.000,.000,.154,.154,.154,.308
"Castro, Juan",2B,LAD,7,14,2.000,4.000,0,0,0,1,1,4,.000,.000,.286,.286,.333,.619
"Castro, Ramon",C,CHW,23,68,6.000,16.000,3,0,4,10,7,23,.000,.000,.235,.456,.307,.763
"Castro, Starlin",SS,CHC,158,674,91.000,207.000,36,9,10,66,35,96,22.000,9.000,.307,.432,.341,.773
"Cedeno, Ronny",SS,PIT,128,413,43.000,103.000,25,3,2,32,30,93,2.000,5.000,.249,.339,.297,.636
"Cervelli, Francisco",C,NYY,43,124,17.000,33.000,4,0,4,22,9,29,4.000,1.000,.266,.395,.324,.719
"Chambers, Adron",OF,STL,18,8,2.000,3.000,0,1,0,4,0,1,.000,.000,.375,.625,.375,1.000
"Chavez, Endy",OF,TEX,83,256,37.000,77.000,11,3,5,27,10,30,10.000,5.000,.301,.426,.323,.749
"Chavez, Eric",3B,NYY,58,160,16.000,42.000,7,1,2,26,14,34,.000,.000,.263,.356,.320,.676
"Chirinos, Robinson",C,TB,20,55,4.000,12.000,2,0,1,7,5,13,.000,.000,.218,.309,.283,.592
"Chisenhall, Lonnie",3B,CLE,66,212,27.000,54.000,13,0,7,22,8,49,1.000,.000,.255,.415,.284,.699
"Choo, Shin-Soo",OF,CLE,85,313,37.000,81.000,11,3,8,36,36,78,12.000,5.000,.259,.390,.344,.733
"Christian, Justin",OF,SF,18,47,6.000,12.000,5,0,0,4,2,8,3.000,2.000,.255,.362,.286,.647
"Ciriaco, Pedro",SS,PIT,23,33,4.000,10.000,2,1,0,6,1,6,2.000,1.000,.303,.424,.324,.748
"Clevenger, Steve",C,CHC,2,4,1.000,1.000,1,0,0,0,0,0,.000,.000,.250,.500,.400,.900
"Coghlan, Chris",OF,FLA,65,269,33.000,62.000,20,1,5,22,22,49,7.000,6.000,.230,.368,.296,.664
"Colvin, Tyler",OF,CHC,80,206,17.000,31.000,8,3,6,20,14,58,.000,.000,.150,.306,.204,.509
"Conger, Hank",C,LAA,59,177,14.000,37.000,8,0,6,19,17,37,.000,.000,.209,.356,.282,.638
"Conrad, Brooks",2B,ATL,92,103,11.000,23.000,5,0,4,13,15,41,2.000,.000,.223,.388,.325,.713
"Constanza, Jose",OF,ATL,42,109,21.000,33.000,1,1,2,10,6,14,7.000,4.000,.303,.385,.339,.724
"Cooper, David",1B,TOR,27,71,9.000,15.000,7,0,2,12,7,14,.000,.000,.211,.394,.284,.678
"Cora, Alex",3B,WSH,91,156,12.000,35.000,6,1,0,6,12,23,2.000,.000,.224,.276,.287,.562
"Corporan, Carlos",C,HOU,52,154,9.000,29.000,8,1,0,11,10,49,.000,.000,.188,.253,.253,.506
"Counsell, Craig",2B/SS,MIL,107,157,19.000,27.000,2,1,1,9,20,21,2.000,1.000,.172,.217,.275,.491
"Cousins, Scott",OF,FLA,48,52,5.000,7.000,1,0,1,4,6,21,1.000,1.000,.135,.212,.224,.436
"Cowgill, Collin",OF,AZ,37,92,8.000,22.000,3,0,1,9,8,28,4.000,2.000,.239,.304,.300,.604
"Cozart, Zack",SS,CIN,11,37,6.000,12.000,0,0,2,3,0,6,.000,.000,.324,.486,.324,.811
"Craig, Allen",OF,STL,75,200,33.000,63.000,15,0,11,40,15,40,5.000,.000,.315,.555,.362,.917
"Crawford, Brandon",SS,SF,66,196,22.000,40.000,5,2,3,21,23,31,1.000,3.000,.204,.296,.288,.584
"Crawford, Carl",OF,BOS,130,506,65.000,129.000,29,7,11,56,23,104,18.000,6.000,.255,.405,.289,.694
"Crisp, Coco",OF,OAK,136,531,69.000,140.000,27,5,8,54,41,65,49.000,9.000,.264,.379,.314,.693
"Crowe, Trevor",OF,CLE,15,28,6.000,6.000,1,0,0,2,4,9,3.000,.000,.214,.250,.313,.563
"Cruz, Nelson",OF,TEX,124,475,64.000,125.000,28,1,29,87,33,116,9.000,5.000,.263,.509,.312,.821
"Cruz, Tony",C,STL,38,65,8.000,17.000,5,0,0,6,6,13,.000,1.000,.262,.338,.333,.672
"Cuddyer, Michael",OF/1B,MIN,138,525,69.000,149.000,29,2,20,70,47,94,11.000,1.000,.284,.461,.345,.806
"Cunningham, Aaron ",OF,SD,52,90,12.000,16.000,6,1,3,9,9,17,1.000,.000,.178,.367,.257,.624
"Cust, Jack",DH,PHI,67,225,19.000,48.000,15,1,3,23,44,87,.000,.000,.213,.329,.344,.673
"Damon, Johnny",DH,TB,150,582,79.000,152.000,29,7,16,73,51,92,19.000,6.000,.261,.418,.326,.743
"d'Arnaud , Chase",SS,PIT,48,143,17.000,31.000,6,2,0,6,4,36,12.000,2.000,.217,.287,.242,.528
"Darnell, James",3B,SD,18,45,2.000,10.000,2,0,1,7,5,7,1.000,.000,.222,.333,.294,.627
"Davis, Blake",2B,BAL,25,59,6.000,15.000,3,1,1,6,6,13,1.000,1.000,.254,.390,.323,.713
"Davis, Chris",1B/3B,BAL,59,199,25.000,53.000,12,0,5,19,11,63,1.000,.000,.266,.402,.305,.707
"Davis, Ike",1B,NYM,36,129,20.000,39.000,8,1,7,25,17,31,.000,.000,.302,.543,.383,.925
"Davis, Rajai",OF,TOR,95,320,44.000,76.000,21,6,1,29,15,63,34.000,11.000,.238,.350,.273,.623
"De Aza, Alejandro",OF,CHW,54,152,29.000,50.000,11,3,4,23,17,34,12.000,5.000,.329,.520,.400,.920
"DeJesus, David",OF,OAK,131,442,60.000,106.000,20,5,10,46,45,86,4.000,3.000,.240,.376,.323,.698
"DeJesus, Ivan",2B,LAD,17,32,2.000,6.000,0,0,0,1,2,11,.000,.000,.188,.188,.235,.423
"Denorfia, Chris",OF,SD,110,306,38.000,85.000,13,2,5,19,28,49,11.000,6.000,.278,.382,.338,.721
"DeRosa, Mark",3B,SF,47,86,9.000,24.000,2,0,0,12,8,18,1.000,1.000,.279,.302,.351,.653
"Descalso, Daniel",3B,STL,148,326,35.000,86.000,20,3,1,28,33,65,2.000,2.000,.264,.353,.334,.687
"Desmond, Ian",SS,WSH,154,584,65.000,148.000,27,5,8,49,35,139,25.000,10.000,.253,.358,.298,.656
"DeWitt, Blake",OF,CHC,121,230,21.000,61.000,11,4,5,26,12,31,1.000,.000,.265,.413,.305,.718
"Diaz, Matt",OF,PIT,116,251,16.000,66.000,13,1,0,20,12,52,5.000,2.000,.263,.323,.302,.625
"Dickerson, Chris",OF,NYY,60,50,9.000,13.000,2,0,1,7,2,17,4.000,.000,.260,.360,.296,.656
"Dinkelman, Brian",2B,MIN,23,73,5.000,22.000,1,0,0,4,4,14,2.000,.000,.301,.315,.346,.661
"Dirks, Andy",OF,DET,78,219,34.000,55.000,13,0,7,28,11,36,5.000,2.000,.251,.406,.296,.703
"Dobbs, Greg",3B,FLA,134,411,38.000,113.000,23,0,8,49,22,83,.000,.000,.275,.389,.311,.701
"Dominguez, Matt",3B,FLA,17,45,2.000,11.000,4,0,0,2,2,8,.000,.000,.244,.333,.292,.625
"Donald, Jason",2B,CLE,39,132,13.000,42.000,6,1,1,8,7,35,3.000,2.000,.318,.402,.364,.765
"Doumit, Ryan",C,PIT,77,218,17.000,66.000,12,1,8,30,16,35,.000,1.000,.303,.477,.353,.830
"Downs, Matt",2B,HOU,106,199,29.000,55.000,18,0,10,41,17,47,.000,.000,.276,.518,.347,.864
"Drew, J.D.",OF,BOS,81,248,23.000,55.000,6,1,4,22,33,58,.000,1.000,.222,.302,.315,.617
"Drew, Stephen",SS,AZ,86,321,44.000,81.000,21,5,5,45,30,74,4.000,4.000,.252,.396,.317,.713
"Duda, Lucas",OF/1B,NYM,100,301,38.000,88.000,21,3,10,50,33,57,1.000,.000,.292,.482,.370,.852
"Duncan, Shelley",OF/DH,CLE,76,223,29.000,58.000,17,0,11,47,19,56,.000,2.000,.260,.484,.324,.808
"Dunn, Adam",DH/1B,CHW,122,415,36.000,66.000,16,0,11,42,75,177,.000,1.000,.159,.277,.292,.569
"Durango, Luis",OF,HOU,2,6,.000,1.000,0,0,0,1,1,1,.000,.000,.167,.167,.286,.452
"Dyson, Jarrod",OF,KC,26,44,8.000,9.000,1,0,0,3,7,14,11.000,1.000,.205,.227,.308,.535
"Ellis, A.J.",C,LAD,31,85,8.000,23.000,1,1,2,11,14,16,.000,1.000,.271,.376,.392,.769
"Ellis, Mark",2B,COL,132,480,56.000,119.000,24,1,7,42,22,75,14.000,5.000,.248,.346,.288,.634
"Ellsbury, Jacoby",OF,BOS,158,660,119.000,212.000,46,5,32,105,52,98,39.000,15.000,.321,.552,.376,.928
"Emaus, Brad",2B,COL,14,37,2.000,6.000,0,0,0,1,4,9,.000,.000,.162,.162,.262,.424
"Encarnacion, Edwin",DH/3B/1B,TOR,134,481,70.000,131.000,36,0,17,55,43,77,8.000,2.000,.272,.453,.334,.787
"Escobar, Alcides",SS,KC,158,548,69.000,139.000,21,8,4,46,25,73,26.000,9.000,.254,.343,.290,.633
"Escobar, Eduardo",SS,CHW,9,7,.000,2.000,0,0,0,0,0,1,.000,.000,.286,.286,.286,.571
"Escobar, Yunel",SS,TOR,133,513,77.000,149.000,24,3,11,48,61,70,3.000,3.000,.290,.413,.369,.782
"Espinosa, Danny",2B,WSH,158,573,72.000,135.000,29,5,21,66,57,166,17.000,6.000,.236,.414,.323,.737
"Ethier, Andre",OF,LAD,134,483,67.000,141.000,30,0,11,62,57,103,.000,1.000,.292,.422,.368,.790
"Evans, Nick",1B,NYM,59,176,26.000,45.000,10,2,4,25,15,48,.000,1.000,.256,.403,.314,.718
"Everett, Adam",3B,CLE,34,60,9.000,13.000,1,0,0,1,5,14,1.000,.000,.217,.233,.277,.510
"Farris, Eric",2B,MIL,1,1,.000,.000,0,0,0,0,0,0,.000,.000,.000,.000,.000,.000
"Federowicz, Tim",C,LAD,7,13,.000,2.000,0,0,0,1,2,4,.000,.000,.154,.154,.313,.466
"Field, Thomas",SS,COL,16,48,4.000,13.000,0,0,0,3,3,14,.000,.000,.271,.271,.314,.585
"Fielder, Prince",1B,MIL,162,569,95.000,170.000,36,1,38,120,107,106,1.000,1.000,.299,.566,.415,.981
"Figgins, Chone",3B,SEA,81,288,24.000,54.000,11,1,1,15,21,42,11.000,6.000,.188,.243,.241,.484
"Flores, Jesus",C,WSH,30,86,5.000,18.000,6,0,1,2,5,27,.000,.000,.209,.314,.253,.567
"Florimon Jr., Pedro",SS,BAL,4,8,1.000,1.000,1,0,0,2,1,6,.000,.000,.125,.250,.222,.472
"Flowers, Tyler",C,CHW,38,110,13.000,23.000,5,1,5,16,14,38,.000,1.000,.209,.409,.310,.719
"Fontenot, Mike",SS/2B,SF,85,220,22.000,50.000,15,3,4,21,25,48,5.000,1.000,.227,.377,.304,.681
"Ford, Darren",OF,SF,26,14,7.000,4.000,0,0,0,0,1,5,7.000,5.000,.286,.286,.375,.661
"Forsythe, Logan",3B/2B,SD,62,150,12.000,32.000,9,1,0,12,12,33,3.000,1.000,.213,.287,.281,.568
"Fowler, Dexter",OF,COL,125,481,84.000,128.000,35,15,5,45,68,130,12.000,9.000,.266,.432,.363,.796
"Fox, Jake",C,BAL,27,61,8.000,15.000,4,1,2,6,4,8,.000,.000,.246,.443,.313,.756
"Francisco, Ben",OF,PHI,100,250,24.000,61.000,10,1,6,34,33,42,4.000,4.000,.244,.364,.340,.704
"Francisco, Juan ",3B,CIN,31,93,10.000,24.000,7,1,3,15,4,24,1.000,.000,.258,.452,.289,.740
"Francoeur, Jeff",OF,KC,153,601,77.000,171.000,47,4,20,87,37,123,22.000,10.000,.285,.476,.329,.805
"Frazier, Todd",3B,CIN,41,112,17.000,26.000,5,0,6,15,7,27,1.000,.000,.232,.438,.289,.727
"Freeman, Freddie",1B,ATL,157,571,67.000,161.000,32,0,21,76,53,142,4.000,4.000,.282,.448,.346,.795
"Freese, David",3B,STL,97,333,41.000,99.000,16,1,10,55,24,75,1.000,.000,.297,.441,.350,.791
"Fryer, Eric ",C,PIT,10,26,5.000,7.000,0,0,0,0,3,7,1.000,1.000,.269,.269,.345,.614
"Fukudome, Kosuke",OF,CLE,146,530,59.000,139.000,27,3,8,35,61,110,4.000,5.000,.262,.370,.342,.712
"Fuld, Sam",OF,TB,105,308,41.000,74.000,18,5,3,27,32,49,20.000,8.000,.240,.360,.313,.673
"Furcal, Rafael",SS,STL,87,333,44.000,77.000,15,0,8,28,28,39,9.000,5.000,.231,.348,.298,.646
"Gamel, Mat",3B,MIL,10,26,1.000,3.000,1,0,0,2,1,4,.000,.000,.115,.154,.148,.302
"Gardner, Brett",OF,NYY,159,510,87.000,132.000,19,8,7,36,60,93,49.000,13.000,.259,.369,.345,.713
"Garner, Cole",OF,COL,4,9,1.000,2.000,0,0,0,3,1,6,.000,.000,.222,.222,.300,.522
"Gathright, Joey",OF,BOS,7,0,1.000,.000,0,0,0,0,1,0,1.000,1.000,.000,.000,.000,.000
"Gentry, Craig",OF,TEX,64,133,26.000,36.000,5,1,1,13,10,27,18.000,.000,.271,.346,.347,.693
"German, Esteban",3B,TEX,11,11,6.000,5.000,1,0,1,4,1,1,1.000,.000,.455,.818,.462,1.280
"Getz, Chris",2B,KC,118,380,50.000,97.000,6,3,0,26,30,45,21.000,7.000,.255,.287,.313,.600
"Giambi, Jason",1B,COL,64,131,20.000,34.000,6,0,13,32,17,45,.000,.000,.260,.603,.355,.958
"Giavotella, Johnny",2B,KC,46,178,20.000,44.000,9,4,2,21,6,32,5.000,2.000,.247,.376,.273,.649
"Gibbons, Jay",OF,LAD,24,55,5.000,14.000,2,0,1,5,5,14,.000,.000,.255,.345,.323,.668
"Gillaspie , Conor",3B,SF,15,19,2.000,5.000,0,0,1,2,2,1,.000,.000,.263,.421,.333,.754
"Gillespie, Cole",OF,AZ,5,6,2.000,2.000,0,0,1,4,1,1,.000,.000,.333,.833,.429,1.262
"Gimenez, Chris",C,SEA,24,59,6.000,12.000,1,0,1,6,10,13,.000,1.000,.203,.271,.314,.585
"Gimenez, Hector",C,LAD,4,7,.000,1.000,0,0,0,0,0,3,.000,.000,.143,.143,.143,.286
"Gload, Ross",1B,PHI,93,113,3.000,29.000,8,0,0,8,3,23,.000,.000,.257,.327,.276,.603
"Goldschmidt, Paul",1B,AZ,48,156,28.000,39.000,9,1,8,26,20,53,4.000,.000,.250,.474,.333,.808
"Golson, Greg",OF,NYY,9,11,1.000,2.000,0,0,0,0,1,2,1.000,.000,.182,.182,.250,.432
"Gomes, Jonny",OF,WSH,120,311,41.000,65.000,12,1,14,43,48,105,7.000,3.000,.209,.389,.325,.714
"Gomez, Carlos",OF,MIL,94,231,37.000,52.000,11,3,8,24,15,64,16.000,2.000,.225,.403,.276,.679
"Gomez, Hector",SS,COL,2,6,1.000,2.000,0,0,0,0,1,2,.000,.000,.333,.333,.429,.762
"Gonzalez, Adrian",1B,BOS,159,630,108.000,213.000,45,3,27,117,74,119,1.000,.000,.338,.548,.410,.957
"Gonzalez, Alberto",2B/3B/SS,SD,102,247,18.000,53.000,10,2,1,32,13,37,1.000,2.000,.215,.283,.256,.539
"Gonzalez, Alex",SS,ATL,149,564,59.000,136.000,27,1,15,56,22,126,2.000,.000,.241,.372,.270,.642
"Gonzalez, Carlos",OF,COL,127,481,92.000,142.000,27,3,26,92,48,105,20.000,5.000,.295,.526,.363,.889
"Gordon, Alex",OF,KC,151,611,101.000,185.000,45,4,23,87,67,139,17.000,8.000,.303,.502,.376,.879
"Gordon, Dee",SS,LAD,56,224,34.000,68.000,9,2,0,11,7,27,24.000,7.000,.304,.362,.325,.686
"Granderson, Curtis",OF,NYY,156,583,136.000,153.000,26,10,41,119,85,169,25.000,10.000,.262,.552,.364,.916
"Green, Taylor",2B,MIL,20,37,2.000,10.000,3,0,0,1,0,6,.000,.000,.270,.351,.270,.622
"Greene, Tyler",2B/SS,STL,58,104,22.000,22.000,5,0,1,11,13,31,11.000,.000,.212,.288,.322,.611
"Guerrero, Vladimir",DH,BAL,145,562,60.000,163.000,30,1,13,63,17,56,2.000,2.000,.290,.416,.317,.733
"Guillen, Carlos",2B,DET,28,95,8.000,22.000,2,1,3,13,5,16,1.000,1.000,.232,.368,.265,.633
"Gutierrez, Franklin",OF,SEA,92,322,26.000,72.000,13,0,1,19,16,56,13.000,2.000,.224,.273,.261,.534
"Guyer, Brandon",OF,TB,15,41,7.000,8.000,1,0,2,3,1,9,.000,.000,.195,.366,.214,.580
"Guzman, Jesus",1B,SD,76,247,33.000,76.000,22,2,5,44,22,43,9.000,2.000,.308,.474,.365,.839
"Gwynn Jr., Tony",OF,LAD,135,310,37.000,78.000,12,6,2,20,23,61,22.000,6.000,.252,.348,.304,.652
"Hafner, Travis",DH,CLE,94,325,41.000,91.000,16,0,13,57,36,78,.000,.000,.280,.449,.361,.811
"Hairston, Scott",OF,NYM,79,132,20.000,31.000,8,1,7,25,11,34,1.000,1.000,.235,.470,.303,.773
"Hairston Jr., Jerry",3B/2B/OF,MIL,120,337,43.000,91.000,21,1,5,31,33,46,3.000,2.000,.270,.383,.344,.727
"Hall, Bill",2B,SF,62,185,24.000,39.000,9,2,2,14,11,63,3.000,2.000,.211,.314,.261,.575
"Halman, Greg",OF,SEA,35,87,7.000,20.000,2,1,2,6,2,32,5.000,1.000,.230,.345,.256,.600
"Hamilton, Josh",OF,TEX,121,487,80.000,145.000,31,5,25,94,39,93,8.000,1.000,.298,.536,.346,.882
"Hamilton, Mark",1B,STL,38,47,5.000,10.000,3,0,0,4,4,16,.000,.000,.213,.277,.275,.551
"Hammock, Rob",OF,NYY,2,2,.000,.000,0,0,0,0,0,0,.000,.000,.000,.000,.000,.000
"Hanigan, Ryan",C,CIN,91,266,27.000,71.000,6,0,6,31,35,32,.000,.000,.267,.357,.356,.714
"Hannahan, Jack",3B,CLE,110,320,38.000,80.000,16,2,8,40,38,80,2.000,1.000,.250,.388,.331,.719
"Hardy, J.J.",SS,BAL,129,527,76.000,142.000,27,0,30,80,31,92,.000,.000,.269,.491,.310,.801
"Harris, Willie",OF,NYM,126,240,36.000,59.000,11,0,2,23,36,62,5.000,4.000,.246,.317,.351,.668
"Harrison, Josh",3B,PIT,65,195,21.000,53.000,13,2,1,16,3,24,4.000,1.000,.272,.374,.281,.656
"Hart, Corey",OF,MIL,130,492,80.000,140.000,25,4,26,63,51,114,7.000,6.000,.285,.510,.356,.866
"Hawpe, Brad",1B,SD,61,194,19.000,45.000,10,0,4,19,19,68,.000,.000,.232,.345,.302,.648
"Hayes, Brett",C,FLA,64,130,19.000,30.000,9,0,5,16,11,39,.000,.000,.231,.415,.291,.706
"Head, Jared",OF,CLE,10,24,2.000,3.000,1,0,0,1,0,5,1.000,.000,.125,.167,.160,.327
"Headley, Chase",3B,SD,112,378,43.000,110.000,28,1,4,44,50,90,13.000,2.000,.291,.402,.374,.776
"Heisey, Chris",OF,CIN,120,279,44.000,71.000,9,1,18,50,19,78,6.000,1.000,.254,.487,.309,.797
"Helms, Wes",3B,ATL,69,110,10.000,21.000,5,0,0,6,11,35,.000,.000,.191,.236,.276,.513
"Helton, Todd",1B,COL,124,421,59.000,127.000,27,0,14,69,59,71,.000,1.000,.302,.466,.385,.850
"Hermida, Jeremy",OF,SD,30,58,5.000,11.000,2,1,2,9,7,26,.000,.000,.190,.362,.288,.650
"Hernandez, Diory",3B,ATL,22,33,4.000,7.000,1,0,1,4,0,5,.000,.000,.212,.333,.212,.545
"Hernandez, Ramon",C,CIN,91,298,28.000,84.000,13,0,12,36,23,41,.000,.000,.282,.446,.341,.788
"Herrera, Jonathan",2B/SS,COL,104,281,28.000,68.000,5,1,3,14,28,40,4.000,4.000,.242,.299,.313,.612
"Heyward, Jason",OF,ATL,128,396,50.000,90.000,18,2,14,42,51,93,9.000,2.000,.227,.389,.319,.708
"Hicks, Brandon",3B,ATL,17,21,1.000,1.000,0,0,0,1,1,9,.000,.000,.048,.048,.091,.139
"Hill, Aaron",2B,AZ,137,520,61.000,128.000,27,3,8,61,35,72,21.000,7.000,.246,.356,.299,.655
"Hill, Koyie",C,CHC,46,134,15.000,26.000,3,1,2,9,14,40,1.000,.000,.194,.276,.268,.545
"Hinske, Eric",OF,ATL,117,236,24.000,55.000,10,0,10,28,26,71,.000,1.000,.233,.403,.311,.713
"Hoffman, Jamie",OF,LAD,2,4,.000,.000,0,0,0,0,0,1,.000,.000,.000,.000,.000,.000
"Holliday, Matt",OF,STL,124,446,83.000,132.000,36,0,22,75,60,93,2.000,1.000,.296,.525,.388,.912
"Holm, Steve",C,MIN,6,17,1.000,2.000,1,0,0,0,1,4,.000,.000,.118,.176,.167,.343
"Hosmer, Eric",1B,KC,128,523,66.000,153.000,27,3,19,78,34,82,11.000,5.000,.293,.465,.334,.799
"Howard, Ryan",1B,PHI,152,557,81.000,141.000,30,1,33,116,75,172,1.000,.000,.253,.488,.346,.835
"Hu, Ching-Lung",2B,NYM,22,20,2.000,1.000,0,0,0,1,1,11,1.000,.000,.050,.050,.091,.141
"Hudson, Kyle",OF,BAL,14,28,3.000,4.000,0,0,0,2,0,6,2.000,.000,.143,.143,.143,.286
"Hudson, Orlando",2B,SD,118,394,53.000,96.000,15,3,7,42,48,83,19.000,3.000,.244,.350,.326,.676
"Huff, Aubrey",1B,SF,150,521,45.000,128.000,27,1,12,59,47,90,5.000,3.000,.246,.370,.306,.676
"Hughes, Luke",2B/1B,MIN,96,287,31.000,64.000,12,0,7,30,24,79,3.000,2.000,.223,.338,.289,.627
"Hundley, Nick",C,SD,82,281,34.000,81.000,16,5,9,29,22,74,1.000,1.000,.288,.477,.347,.824
"Hunter, Cedric",OF,SD,5,3,1.000,1.000,0,0,0,0,1,0,.000,1.000,.333,.333,.500,.833
"Hunter, Torii",OF,LAA,156,580,80.000,152.000,24,2,23,82,62,125,5.000,7.000,.262,.429,.336,.765
"Iannetta, Chris",C,COL,112,345,51.000,82.000,17,1,14,55,70,89,6.000,3.000,.238,.414,.370,.785
"Ibanez, Raul",OF,PHI,144,535,65.000,131.000,31,1,20,84,33,106,2.000,.000,.245,.419,.289,.707
"Iglesias, Jose",SS,BAL,10,6,3.000,2.000,0,0,0,0,0,2,.000,.000,.333,.333,.333,.667
"Infante, Omar",2B,FLA,148,579,55.000,160.000,24,8,7,49,34,67,4.000,2.000,.276,.382,.315,.696
"Inge, Brandon",3B,DET,102,269,29.000,53.000,10,2,3,23,24,74,1.000,1.000,.197,.283,.265,.548
"Inglett, Joe",2B,HOU,20,27,3.000,6.000,1,0,0,1,0,7,.000,.000,.222,.259,.222,.481
"Izturis, Cesar",SS,BAL,18,30,4.000,6.000,0,0,0,1,2,10,.000,.000,.200,.200,.250,.450
"Izturis, Maicer",2B/3B,LAA,122,449,51.000,124.000,35,0,5,38,33,65,9.000,6.000,.276,.388,.334,.722
"Jackson, Austin",OF,DET,153,591,90.000,147.000,22,11,10,45,56,181,22.000,5.000,.249,.374,.317,.690
"Jackson, Conor",1B/OF,BOS,114,352,32.000,86.000,17,1,5,43,32,53,3.000,1.000,.244,.341,.310,.651
"Janish, Paul",SS,CIN,114,336,27.000,72.000,14,1,0,23,18,46,3.000,2.000,.214,.262,.259,.521
"Jaramillo, Jason",C,PIT,23,43,1.000,14.000,3,0,0,6,2,12,1.000,.000,.326,.395,.356,.751
"Jaso, John",C,TB,89,246,26.000,55.000,15,1,5,27,25,36,1.000,2.000,.224,.354,.298,.651
"Jay, John",OF,STL,159,455,56.000,135.000,24,2,10,37,28,81,6.000,7.000,.297,.424,.344,.768
"Jennings, Desmond",OF,TB,63,247,44.000,64.000,9,4,10,25,31,59,20.000,6.000,.259,.449,.356,.805
"Jeter, Derek",SS,NYY,131,546,84.000,162.000,24,4,6,61,46,81,16.000,6.000,.297,.388,.355,.743
"Johnson, Chris",3B,HOU,107,378,32.000,95.000,21,3,7,42,16,97,2.000,2.000,.251,.378,.291,.670
"Johnson, Dan",1B,TB,31,84,7.000,10.000,1,0,2,4,6,18,.000,.000,.119,.202,.187,.389
"Johnson, Elliott",SS,TB,70,160,20.000,31.000,7,2,4,17,14,53,6.000,7.000,.194,.338,.257,.595
"Johnson, Kelly",2B,TOR,147,545,75.000,121.000,27,7,21,58,60,163,16.000,6.000,.222,.413,.304,.717
"Johnson, Reed",OF,CHC,111,246,33.000,76.000,22,1,5,28,5,63,2.000,1.000,.309,.467,.348,.816
"Johnson, Rob",C,SD,67,179,9.000,34.000,6,1,3,16,14,58,3.000,.000,.190,.285,.259,.544
"Jones, Adam",OF,BAL,151,567,68.000,159.000,26,2,25,83,29,113,12.000,4.000,.280,.466,.319,.785
"Jones, Andruw",OF,NYY,77,190,27.000,47.000,8,0,13,33,29,62,.000,.000,.247,.495,.356,.851
"Jones, Chipper",3B,ATL,126,455,56.000,125.000,33,1,18,70,51,80,2.000,2.000,.275,.470,.344,.814
"Jones, Garrett",OF/1B,PIT,148,423,51.000,103.000,30,1,16,58,48,104,6.000,2.000,.243,.433,.321,.753
"Joyce, Matt",OF,TB,141,462,69.000,128.000,32,2,19,75,49,106,13.000,1.000,.277,.478,.347,.825
"Ka'aihue, Kila",1B,OAK,23,82,6.000,16.000,4,0,2,6,12,26,.000,.000,.195,.317,.295,.612
"Kearns, Austin",OF,CLE,57,150,18.000,30.000,5,1,2,7,18,48,.000,4.000,.200,.287,.302,.589
"Kelly, Donald",OF/3B,DET,112,257,35.000,63.000,8,3,7,28,14,32,2.000,1.000,.245,.381,.291,.672
"Kemp, Matt",OF,LAD,160,598,115.000,192.000,32,4,39,125,73,159,39.000,11.000,.321,.584,.396,.980
"Kendrick, Howie",2B/OF,LAA,140,537,86.000,153.000,30,6,18,63,33,119,14.000,6.000,.285,.464,.338,.802
"Kennedy, Adam",1B/2B/3B,SEA,114,380,36.000,89.000,23,1,7,38,22,67,8.000,2.000,.234,.355,.277,.632
"Keppinger, Jeff",2B,SF,99,379,39.000,105.000,20,0,6,35,12,24,.000,1.000,.277,.377,.300,.677
"Kinsler, Ian",2B,TEX,155,620,121.000,158.000,34,4,32,77,89,71,30.000,4.000,.255,.477,.355,.832
"Kipnis, Jason",2B,CLE,36,136,24.000,37.000,9,1,7,19,11,34,5.000,.000,.272,.507,.333,.841
"Konerko, Paul",1B/DH,CHW,149,543,69.000,163.000,25,0,31,105,77,89,1.000,1.000,.300,.517,.388,.906
"Kotchman, Casey",1B,TB,146,500,44.000,152.000,24,2,10,48,48,66,2.000,2.000,.304,.420,.377,.797
"Kotsay, Mark",OF,MIL,104,233,18.000,63.000,13,1,3,31,21,27,3.000,.000,.270,.373,.329,.703
"Kottaras, George",C,MIL,49,111,15.000,28.000,6,1,5,17,10,26,.000,1.000,.252,.459,.311,.771
"Kouzmanoff, Kevin",3B,COL,73,234,24.000,55.000,11,0,7,34,12,46,2.000,.000,.235,.372,.284,.656
"Kozma, Peter",2B,STL,16,17,2.000,3.000,1,0,0,1,4,4,.000,.000,.176,.235,.333,.569
"Kratz, Erik",C,PHI,2,6,.000,2.000,1,0,0,0,0,1,.000,.000,.333,.500,.333,.833
"Kubel, Jason",OF/DH,MIN,99,366,37.000,100.000,21,1,12,58,32,86,1.000,1.000,.273,.434,.332,.766
"LaHair, Bryan",OF,CHC,20,59,9.000,17.000,5,1,2,6,9,18,.000,.000,.288,.508,.377,.885
"Laird, Brandon",3B,NYY,11,21,3.000,4.000,0,0,0,1,3,4,.000,.000,.190,.190,.292,.482
"Laird, Gerald",C,STL,37,95,11.000,22.000,7,1,1,12,9,19,1.000,1.000,.232,.358,.302,.660
"Langerhans, Ryan",OF,AZ,19,52,6.000,9.000,0,0,3,6,11,22,.000,1.000,.173,.346,.317,.664
"LaPorta, Matt",1B,CLE,107,352,34.000,87.000,23,1,11,53,23,87,1.000,.000,.247,.412,.299,.711
"LaRoche, Adam",1B,WSH,43,151,15.000,26.000,4,0,3,15,25,37,1.000,.000,.172,.258,.288,.546
"LaRoche, Andy",3B,OAK,40,93,10.000,23.000,6,1,0,5,8,19,.000,.000,.247,.333,.320,.654
"Lavarnway, Ryan",DH/C,BOS,17,39,5.000,9.000,2,0,2,8,4,10,.000,.000,.231,.436,.302,.738
"Lawrie, Brett",3B,TOR,43,150,26.000,44.000,8,4,9,25,16,31,7.000,1.000,.293,.580,.373,.953
"Lee, Carlos",OF/1B,HOU,155,585,66.000,161.000,38,4,18,94,59,60,4.000,3.000,.275,.446,.342,.788
"Lee, Derrek",1B,PIT,113,435,55.000,116.000,17,2,19,59,33,110,2.000,1.000,.267,.446,.326,.772
"LeMahieu, DJ",2B,CHC,36,59,3.000,15.000,2,0,0,4,1,12,.000,.000,.254,.288,.267,.555
"Lewis, Fred",OF,CIN,81,183,20.000,42.000,7,0,3,19,22,38,2.000,5.000,.230,.317,.321,.638
"Liddi, Alex",3B,SEA,15,40,7.000,9.000,3,0,3,6,3,17,1.000,.000,.225,.525,.295,.820
"Lillibridge, Brent ",OF/1B,CHW,97,186,38.000,48.000,5,1,13,29,17,62,10.000,6.000,.258,.505,.340,.845
"Lind, Adam",1B,TOR,125,499,56.000,125.000,16,0,26,87,32,107,1.000,1.000,.251,.439,.295,.734
"Lobaton, Jose",C,TB,15,34,2.000,4.000,1,0,0,0,4,8,.000,.000,.118,.147,.231,.378
"Loewen, Adam",OF,TOR,14,32,4.000,6.000,1,0,1,4,3,13,.000,.000,.188,.313,.297,.610
"Lombardozzi, Steve",3B/2B,WSH,13,31,3.000,6.000,1,0,0,1,1,4,.000,.000,.194,.226,.219,.445
"Loney, James",1B,LAD,157,526,56.000,152.000,30,1,12,65,42,65,4.000,.000,.289,.418,.340,.758
"Longoria, Evan",3B,TB,133,483,78.000,118.000,26,1,31,99,80,93,3.000,3.000,.244,.495,.355,.850
"Lopez, Felipe",3B,MIL,48,141,12.000,29.000,4,0,2,11,8,35,1.000,1.000,.206,.277,.247,.523
"Lopez, Jose",3B/2B,FLA,82,231,23.000,50.000,12,0,8,21,7,28,2.000,.000,.216,.372,.245,.617
"Lowrie, Jed",SS/3B,BOS,88,309,40.000,78.000,14,4,6,36,23,60,1.000,1.000,.252,.382,.303,.685
"Lucroy, Jonathan",C,MIL,136,430,45.000,114.000,16,1,12,59,29,99,2.000,1.000,.265,.391,.313,.703
"Lucy, Donny",C,CHW,6,10,1.000,2.000,1,0,0,1,1,5,.000,.000,.200,.300,.273,.573
"Ludwick, Ryan",OF,PIT,139,490,56.000,116.000,23,0,13,75,51,124,1.000,1.000,.237,.363,.310,.674
"Lugo, Julio",3B,FA,22,44,3.000,6.000,0,0,0,3,4,11,.000,.000,.136,.136,.208,.345
"Maier, Mitch",OF,KC,44,95,19.000,22.000,4,3,0,7,16,32,1.000,.000,.232,.337,.345,.682
"Maldonado, Martin",C,MIL,3,1,.000,.000,0,0,0,0,0,1,.000,.000,.000,.000,.000,.000
"Markakis, Nick",OF,BAL,160,641,72.000,182.000,31,1,15,73,62,75,12.000,3.000,.284,.406,.351,.756
"Marrero, Chris",1B,WSH,31,109,6.000,27.000,5,0,0,10,4,27,.000,.000,.248,.294,.274,.567
"Marson, Lou",C,CLE,79,243,26.000,56.000,9,2,1,19,24,68,4.000,2.000,.230,.296,.300,.596
"Martin, Leonys",OF,TEX,8,8,2.000,3.000,1,0,0,0,0,1,.000,.000,.375,.500,.375,.875
"Martin, Russell",C,NYY,125,417,57.000,99.000,17,0,18,65,50,81,8.000,2.000,.237,.408,.324,.732
"Martinez, Fernando",OF,NYM,11,22,3.000,5.000,2,0,1,2,1,7,.000,.000,.227,.455,.261,.715
"Martinez, J.D.",OF,HOU,53,208,29.000,57.000,13,0,6,35,13,48,.000,1.000,.274,.423,.319,.742
"Martinez, Luis",C,SD,22,59,7.000,12.000,1,1,1,10,8,14,1.000,.000,.203,.305,.309,.614
"Martinez, Michael",3B,PHI,88,209,25.000,41.000,5,2,3,24,18,35,3.000,.000,.196,.282,.258,.540
"Martinez, Osvaldo",SS,CHW,20,23,.000,3.000,0,0,0,1,0,9,.000,.000,.130,.130,.130,.261
"Martinez, Victor",DH/C,DET,145,540,76.000,179.000,40,0,12,103,46,51,1.000,.000,.331,.472,.382,.854
"Mastroianni, Darin",OF,TOR,1,2,.000,.000,0,0,0,0,0,1,.000,.000,.000,.000,.000,.000
"Mather, Joe",OF,COL,36,75,4.000,16.000,4,0,1,9,6,23,.000,1.000,.213,.307,.272,.578
"Mathis, Jeff",C,LAA,93,247,18.000,43.000,12,0,3,22,15,75,1.000,2.000,.174,.259,.225,.484
"Matsui, Hideki",DH/OF,OAK,141,517,58.000,130.000,28,0,12,72,56,84,1.000,1.000,.251,.375,.321,.696
"Mauer, Joe",C,MIN,82,296,38.000,85.000,15,0,3,30,32,38,.000,.000,.287,.368,.360,.729
"Mayberry, Jr., John",OF,PHI,104,267,37.000,73.000,17,1,15,49,26,55,8.000,3.000,.273,.513,.341,.854
"Maybin, Cameron",OF,SD,136,511,82.000,133.000,24,8,9,40,44,124,37.000,8.000,.260,.391,.320,.712
"McCann, Brian",C,ATL,128,466,51.000,126.000,19,0,24,71,57,89,3.000,2.000,.270,.466,.351,.817
"McCoy, Mike",SS/OF,TOR,79,193,26.000,38.000,7,0,2,10,25,40,12.000,2.000,.197,.264,.292,.556
"McCutchen, Andrew",OF,PIT,158,572,87.000,148.000,34,5,23,89,89,126,23.000,10.000,.259,.456,.364,.820
"McDonald, Darnell",OF,BOS,78,153,26.000,37.000,6,1,6,24,14,32,2.000,3.000,.242,.412,.310,.722
"McDonald, John",SS/3B/2B,AZ,84,227,21.000,52.000,10,1,2,22,12,27,2.000,4.000,.229,.308,.269,.577
"McGehee, Casey",3B,MIL,155,546,46.000,122.000,24,2,13,67,45,104,.000,3.000,.223,.346,.280,.626
"McKenry, Michael",C,PIT,58,180,17.000,40.000,12,0,2,11,14,49,.000,1.000,.222,.322,.276,.598
"McLouth, Nate",OF,ATL,81,267,35.000,61.000,12,2,4,16,44,52,4.000,2.000,.228,.333,.344,.677
"McPherson, Dallas",1B,CHW,11,15,1.000,2.000,0,0,0,0,0,7,.000,.000,.133,.133,.133,.267
"Mesoraco, Devin",C,CIN,18,50,5.000,9.000,3,0,2,6,3,10,.000,.000,.180,.360,.226,.586
"Michaels, Jason",OF,HOU,89,156,10.000,31.000,9,0,2,10,11,31,1.000,.000,.199,.295,.256,.551
"Miles, Aaron",2B/3B,LAD,136,454,49.000,125.000,17,3,3,45,25,49,4.000,3.000,.275,.346,.314,.660
"Milledge, Lastings",OF,CHW,2,4,1.000,1.000,1,0,0,0,0,1,.000,.000,.250,.500,.250,.750
"Miller, Jai",OF,OAK,7,12,2.000,3.000,0,0,1,2,0,5,.000,.000,.250,.500,.250,.750
"Miranda, Juan",1B,AZ,65,174,18.000,37.000,8,2,7,23,23,48,.000,1.000,.213,.402,.315,.717
"Mitchell, Russell",3B,LAD,25,51,5.000,8.000,1,0,2,3,7,10,.000,.000,.157,.294,.259,.553
"Molina, Gustavo",C,NYY,3,6,.000,1.000,1,0,0,0,0,0,.000,.000,.167,.333,.167,.500
"Molina, Jose",C,TOR,55,171,19.000,48.000,12,1,3,15,15,44,2.000,1.000,.281,.415,.342,.757
"Molina, Yadier",C,STL,139,475,55.000,145.000,32,1,14,65,33,44,4.000,5.000,.305,.465,.349,.814
"Montanez, Lou",OF,CHC,36,54,6.000,12.000,4,0,1,9,2,9,.000,1.000,.222,.352,.263,.615
"Montero, Jesus",DH,NYY,18,61,9.000,20.000,4,0,4,12,7,17,.000,.000,.328,.590,.406,.996
"Montero, Miguel",C,AZ,140,493,65.000,139.000,36,1,18,86,47,97,1.000,1.000,.282,.469,.351,.820
"Moore, Adam",C,SEA,2,6,.000,1.000,1,0,0,0,0,2,.000,.000,.167,.333,.167,.500
"Moore, Jeremy",OF,LAA,8,8,3.000,1.000,0,0,0,0,0,2,.000,.000,.125,.125,.125,.250
"Mora, Melvin",3B,AZ,42,127,5.000,29.000,6,0,0,16,2,24,.000,1.000,.228,.276,.244,.520
"Morales, Jose",C,COL,22,60,6.000,16.000,3,0,0,7,9,12,.000,1.000,.267,.317,.352,.669
"Morel, Brent",3B,CHW,126,413,44.000,101.000,18,1,10,41,22,57,5.000,4.000,.245,.366,.287,.653
"Moreland, Mitch",1B/OF,TEX,134,465,60.000,120.000,22,1,16,51,39,92,2.000,2.000,.258,.413,.319,.732
"Morgan, Nyjer",OF,MIL,119,378,61.000,115.000,20,6,4,37,19,70,13.000,4.000,.304,.421,.357,.778
"Morneau, Justin",1B,MIN,69,264,19.000,60.000,16,0,4,30,19,44,.000,.000,.227,.333,.285,.618
"Morrison, Logan",OF,FLA,123,462,54.000,114.000,25,4,23,72,54,99,2.000,1.000,.247,.468,.330,.797
"Morse, Mike",1B/OF,WSH,146,522,73.000,158.000,36,0,31,95,36,126,2.000,3.000,.303,.550,.360,.910
"Moss, Brandon",OF,PHI,5,6,.000,.000,0,0,0,0,0,2,.000,.000,.000,.000,.000,.000
"Moustakas, Michael",3B,KC,89,338,26.000,89.000,18,1,5,30,22,51,2.000,.000,.263,.367,.309,.675
"Murphy, Daniel",1B/2B/3B,NYM,109,391,49.000,125.000,28,2,6,49,24,42,5.000,5.000,.320,.448,.362,.809
"Murphy, David",OF,TEX,120,403,46.000,111.000,14,2,11,46,33,61,11.000,6.000,.275,.402,.329,.731
"Murphy, Donnie",SS,FLA,36,92,10.000,17.000,4,1,2,9,4,21,.000,.000,.185,.315,.240,.555
"Nady, Xavier",1B,AZ,82,206,26.000,51.000,11,0,4,35,10,46,2.000,.000,.248,.359,.287,.646
"Napoli, Mike",C/1B,TEX,113,369,72.000,118.000,25,0,30,75,58,85,4.000,2.000,.320,.631,.414,1.046
"Navarro, Dioner",C,LAD,64,176,13.000,34.000,6,1,5,17,20,35,.000,.000,.193,.324,.276,.600
"Navarro, Efrin",1B,LAD,8,10,1.000,2.000,1,0,0,0,1,1,.000,.000,.200,.300,.273,.573
"Navarro, Yamaico",3B,KC,22,60,8.000,15.000,3,0,1,9,5,14,.000,.000,.250,.350,.303,.653
"Nelson, Chris",2B/3B,COL,63,180,20.000,45.000,10,1,4,16,7,35,3.000,1.000,.250,.383,.280,.664
"Nickeas, Mike",C,NYM,21,53,4.000,10.000,1,0,1,6,4,11,.000,1.000,.189,.264,.246,.510
"Nieves, Wil",C,ATL,20,50,2.000,7.000,2,0,0,0,3,12,.000,.000,.140,.180,.189,.369
"Nishioka, Tsuyoshi",SS,MIN,68,221,14.000,50.000,5,0,0,19,15,43,2.000,4.000,.226,.249,.278,.527
"Nix, Jayson",3B,TOR,46,136,15.000,23.000,5,1,4,16,12,42,4.000,1.000,.169,.309,.245,.554
"Nix, Laynce",OF,WSH,124,324,38.000,81.000,15,1,16,44,23,82,2.000,2.000,.250,.451,.299,.750
"Nunez, Eduardo",SS/3B,NYY,112,309,38.000,82.000,18,2,5,30,22,37,22.000,6.000,.265,.385,.313,.698
"Oeltjen, Trent",OF,LAD,61,71,10.000,14.000,1,1,2,6,13,30,6.000,.000,.197,.324,.322,.646
"Olivo, Miguel",C,SEA,130,477,54.000,107.000,19,1,19,62,20,140,6.000,5.000,.224,.388,.253,.641
"Ordonez, Magglio",OF/DH,DET,92,329,33.000,84.000,10,0,5,32,23,41,2.000,1.000,.255,.331,.303,.634
"Orr, Pete",2B,PHI,46,96,7.000,21.000,3,0,0,4,6,19,3.000,.000,.219,.250,.279,.529
"Ortiz, David",DH,BOS,146,525,84.000,162.000,40,1,29,96,78,83,1.000,1.000,.309,.554,.398,.953
"Overbay, Lyle",1B,FA,121,394,43.000,92.000,21,1,9,47,42,88,2.000,1.000,.234,.360,.310,.670
"Pacheco, Jordan",1B,COL,21,84,5.000,24.000,1,0,2,14,3,9,.000,.000,.286,.369,.318,.687
"Pagan, Angel",OF,NYM,123,478,68.000,125.000,24,4,7,56,44,62,32.000,7.000,.262,.372,.322,.694
"Pagnozzi, Matt",C,PIT,12,29,2.000,8.000,0,0,0,3,1,10,.000,.000,.276,.276,.323,.598
"Paredes, Jimmy",3B,HOU,46,168,16.000,48.000,8,2,2,18,9,47,5.000,4.000,.286,.393,.320,.713
"Parmelee, Chris",1B,MIN,21,76,8.000,27.000,6,0,4,14,12,13,.000,.000,.355,.592,.443,1.035
"Parra, Gerardo",OF,AZ,141,445,55.000,130.000,20,8,8,46,43,82,15.000,1.000,.292,.427,.357,.784
"Parrino, Andy",3B,SD,24,44,3.000,8.000,1,0,0,4,9,17,1.000,.000,.182,.205,.327,.532
"Pascucci, Val",1B,SD,10,11,1.000,3.000,0,0,1,2,0,3,.000,.000,.273,.545,.273,.818
"Patterson, Corey",OF,STL,133,368,49.000,88.000,20,3,6,36,17,77,13.000,9.000,.239,.359,.273,.632
"Patterson, Eric",OF,SD,47,89,8.000,16.000,2,1,2,8,12,22,8.000,2.000,.180,.292,.272,.564
"Paul, Xavier",OF,PIT,128,243,30.000,62.000,6,5,2,20,13,62,16.000,6.000,.255,.346,.292,.638
"Paulino, Ronny",C,NYM,78,228,19.000,61.000,13,0,2,19,15,38,.000,.000,.268,.351,.312,.663
"Pearce, Steven",1B,PIT,50,94,8.000,19.000,2,0,1,10,7,21,.000,.000,.202,.255,.260,.515
"Pedroia, Dustin",2B,BOS,159,635,102.000,195.000,37,3,21,91,86,85,27.000,8.000,.307,.474,.387,.861
"Peguero, Carlos",OF,SEA,46,143,14.000,28.000,3,2,6,19,8,54,.000,1.000,.196,.371,.252,.622
"Pena, Brayan",C,KC,72,222,17.000,55.000,11,0,3,24,12,24,.000,.000,.248,.338,.288,.625
"Pena, Carlos",1B,CHC,153,493,72.000,111.000,27,3,28,80,101,161,2.000,2.000,.225,.462,.357,.819
"Pena, Ramiro",3B,NYY,23,40,5.000,4.000,0,0,1,4,2,11,.000,.000,.100,.175,.159,.334
"Pena, Wily Mo",DH,SEA,39,113,15.000,23.000,3,0,7,15,5,39,.000,.000,.204,.416,.250,.666
"Pence, Hunter",OF,PHI,154,606,84.000,190.000,38,5,22,97,56,124,8.000,2.000,.314,.502,.370,.871
"Pennington, Cliff",SS,OAK,148,515,57.000,136.000,26,2,8,58,42,104,14.000,9.000,.264,.369,.319,.687
"Peralta, Jhonny",SS,DET,146,525,68.000,157.000,25,3,21,86,40,95,.000,2.000,.299,.478,.345,.824
"Perez, Salvador",C,KC,39,148,20.000,49.000,8,2,3,21,7,20,.000,.000,.331,.473,.363,.836
"Petersen, Bryan",OF,FLA,73,202,18.000,53.000,13,3,2,10,25,49,7.000,1.000,.262,.386,.353,.739
"Pettit, Chris",OF,LAA,1,0,.000,.000,0,0,0,0,0,0,.000,.000,.000,.000,.000,.000
"Phelps, Cord",2B,CLE,35,71,10.000,11.000,2,1,1,6,8,17,1.000,.000,.155,.254,.241,.494
"Phillips, Brandon",2B,CIN,150,610,94.000,183.000,38,2,18,82,44,85,14.000,9.000,.300,.457,.353,.810
"Phillips, Kyle",C,SD,36,76,9.000,13.000,3,0,2,10,8,19,.000,.000,.171,.289,.259,.548
"Pie, Felix",OF,BAL,85,164,15.000,36.000,8,1,0,7,10,32,3.000,2.000,.220,.280,.264,.545
"Pierre, Juan",OF,CHW,158,639,80.000,178.000,17,4,2,50,43,41,27.000,17.000,.279,.327,.329,.657
"Pierzynski, A.J.",C,CHW,129,464,38.000,133.000,29,1,8,48,23,33,.000,.000,.287,.405,.323,.728
"Pill, Brett",1B,SF,15,50,7.000,15.000,3,2,2,9,2,8,.000,1.000,.300,.560,.321,.881
"Pina, Manuel",C,KC,4,14,2.000,3.000,2,0,0,0,1,2,.000,.000,.214,.357,.267,.624
"Plouffe, Trevor",SS,MIN,81,286,47.000,68.000,18,1,8,31,25,71,3.000,3.000,.238,.392,.305,.697
"Polanco, Placido",3B,PHI,122,469,46.000,130.000,14,0,5,50,42,44,3.000,.000,.277,.339,.335,.674
"Posada, Jorge",DH,NYY,115,344,34.000,81.000,14,0,14,44,39,76,.000,2.000,.235,.398,.315,.714
"Posey, Buster",C,SF,45,162,17.000,46.000,5,0,4,21,18,30,3.000,.000,.284,.389,.368,.756
"Powell, Landon",C,OAK,36,111,10.000,19.000,3,0,1,4,11,32,.000,.000,.171,.225,.246,.471
"Prado, Martin",OF/3B,ATL,129,551,66.000,143.000,26,2,13,57,34,52,4.000,8.000,.260,.385,.302,.687
"Presley, Alex",OF,PIT,52,215,27.000,64.000,12,6,4,20,13,40,9.000,3.000,.298,.465,.339,.804
"Pridie, Jason",OF,NYM,101,208,28.000,48.000,11,3,4,20,24,64,7.000,1.000,.231,.370,.309,.679
"Pujols, Albert",1B,STL,147,579,105.000,173.000,29,0,37,99,61,58,9.000,1.000,.299,.541,.366,.906
"Punto, Nick",2B,STL,63,133,21.000,37.000,8,4,1,20,25,21,1.000,1.000,.278,.421,.388,.809
"Quentin, Carlos",OF,CHW,118,421,53.000,107.000,31,0,24,77,34,84,1.000,1.000,.254,.499,.340,.838
"Quintanilla, Omar",2B,TEX,11,22,3.000,1.000,0,1,0,2,0,9,.000,.000,.045,.136,.045,.182
"Quintero, Humberto",C,HOU,79,262,22.000,63.000,12,1,2,25,6,53,1.000,.000,.240,.317,.258,.575
"Raburn, Ryan",OF/2B,DET,121,387,53.000,99.000,22,2,14,49,21,114,1.000,1.000,.256,.432,.297,.729
"Ramirez, Alexei",SS,CHW,158,614,81.000,165.000,31,2,15,70,51,84,7.000,5.000,.269,.399,.328,.727
"Ramirez, Aramis",3B,CHC,149,565,80.000,173.000,35,1,26,93,43,69,1.000,1.000,.306,.510,.361,.871
"Ramirez, Hanley",SS,FLA,92,338,55.000,82.000,16,0,10,45,44,66,20.000,10.000,.243,.379,.333,.712
"Ramirez, Manny",DH,TB,5,17,.000,1.000,0,0,0,1,0,4,.000,.000,.059,.059,.059,.118
"Ramirez, Wilkin",OF,ATL,20,26,5.000,6.000,2,0,0,2,4,11,.000,2.000,.231,.308,.333,.641
"Ramos, Wilson",C,WSH,113,389,48.000,104.000,22,1,15,52,38,76,.000,2.000,.267,.445,.334,.779
"Ransom, Cody",SS,AZ,12,33,3.000,5.000,2,0,1,4,3,9,1.000,.000,.152,.303,.243,.546
"Rasmus, Colby",OF,TOR,129,471,75.000,106.000,24,6,14,53,50,116,5.000,2.000,.225,.391,.298,.688
"Recker, Anthony",C,OAK,5,17,3.000,3.000,1,0,0,0,4,7,.000,.000,.176,.235,.333,.569
"Reddick, Josh",OF,BOS,87,254,41.000,71.000,18,3,7,28,19,50,1.000,2.000,.280,.457,.327,.784
"Reed, Jeremy",OF,MIN,7,7,.000,.000,0,0,0,0,0,2,.000,.000,.000,.000,.000,.000
"Reimold, Nolan",OF,BAL,87,267,40.000,66.000,10,3,13,45,28,57,7.000,2.000,.247,.453,.328,.781
"Renteria, Edgar",SS,CIN,96,299,34.000,75.000,14,0,5,36,24,65,4.000,2.000,.251,.348,.306,.654
"Repko, Jason",OF,MIN,67,133,21.000,30.000,2,0,2,11,6,38,7.000,2.000,.226,.286,.270,.555
"Revere, Ben",OF,MIN,117,450,56.000,120.000,9,5,0,30,26,41,34.000,9.000,.267,.309,.310,.619
"Reyes, Jose",SS,NYM,126,537,101.000,181.000,31,16,7,44,43,41,39.000,7.000,.337,.493,.384,.877
"Reynolds, Mark",3B/1B,BAL,155,534,84.000,118.000,27,1,37,86,75,196,6.000,4.000,.221,.483,.323,.806
"Rhymes, Will",2B,DET,29,85,13.000,20.000,3,0,0,2,11,12,1.000,.000,.235,.271,.323,.594
"Richardson, Antoan",OF,ATL,9,4,2.000,2.000,0,0,0,0,0,0,1.000,.000,.500,.500,.500,1.000
"Rios, Alex",OF,CHW,145,537,64.000,122.000,22,2,13,44,27,68,11.000,6.000,.227,.348,.265,.613
"Rivera, Juan L",OF/1B,LAD,132,466,46.000,120.000,23,1,11,74,43,76,5.000,3.000,.258,.382,.319,.701
"Rivera, Mike",C,MIL,1,6,.000,2.000,0,0,0,0,0,1,.000,.000,.333,.333,.333,.667
"Rivera, Rene",C,MIN,45,104,9.000,15.000,3,0,1,5,8,32,.000,.000,.144,.202,.211,.412
"Rizzo, Anthony",1B,SD,49,128,9.000,18.000,8,1,1,9,21,46,2.000,1.000,.141,.242,.281,.523
"Roberts, Brian",2B,BAL,39,163,18.000,36.000,7,1,3,19,12,21,6.000,1.000,.221,.331,.273,.604
"Roberts, Ryan",3B/2B,AZ,143,482,86.000,120.000,25,2,19,65,66,98,18.000,9.000,.249,.427,.341,.768
"Robinson, Shane",OF,STL,9,7,.000,.000,0,0,0,0,1,2,.000,.000,.000,.000,.125,.125
"Robinson, Trayvon",OF,LAD,44,143,12.000,30.000,12,0,2,14,8,61,1.000,.000,.210,.336,.250,.586
"Rodriguez, Alex",3B,NYY,99,373,67.000,103.000,21,0,16,62,47,80,4.000,1.000,.276,.461,.362,.823
"Rodriguez, Ivan",C,WSH,44,124,14.000,27.000,7,0,2,19,10,28,.000,.000,.218,.323,.281,.604
"Rodriguez, Josh",SS,PIT,7,12,1.000,1.000,0,0,0,1,1,8,.000,.000,.083,.083,.214,.298
"Rodriguez, Luis",SS,SEA,44,117,10.000,23.000,10,0,2,14,16,21,1.000,2.000,.197,.333,.299,.633
"Rodriguez, Sean",SS/2B/3B,TB,131,373,45.000,83.000,20,3,8,36,38,87,11.000,7.000,.223,.357,.323,.679
"Rohlinger, Ryan",SS,SF,1,1,.000,.000,0,0,0,0,0,1,.000,.000,.000,.000,.000,.000
"Rolen, Scott",3B,CIN,65,252,31.000,61.000,20,2,5,36,10,36,1.000,.000,.242,.397,.279,.676
"Rollins, Jimmy",SS,PHI,142,567,87.000,152.000,22,2,16,63,58,59,30.000,8.000,.268,.399,.338,.736
"Romine, Andrew",SS,LAA,10,16,2.000,2.000,0,0,0,0,1,6,1.000,.000,.125,.125,.176,.301
"Romine, Austin",C,NYY,9,19,2.000,3.000,0,0,0,0,1,5,.000,.000,.158,.158,.200,.358
"Rosales, Adam",SS,OAK,24,61,5.000,6.000,0,0,2,8,4,13,.000,.000,.098,.197,.162,.358
"Rosario, Winn",C,COL,16,54,6.000,11.000,3,1,3,8,2,20,.000,.000,.204,.463,.228,.691
"Ross, Cody",OF,SF,121,405,54.000,97.000,25,0,14,52,49,96,5.000,2.000,.240,.405,.325,.730
"Ross, David",C,ATL,52,152,14.000,40.000,7,0,6,23,16,51,.000,1.000,.263,.428,.333,.761
"Rottino, Vinny",OF,FLA,8,12,1.000,2.000,0,0,0,0,2,4,.000,.000,.167,.167,.286,.452
"Rowand, Aaron",OF,FA,108,331,34.000,77.000,22,2,4,21,10,84,2.000,3.000,.233,.347,.274,.621
"Ruggiano, Justin",OF,TB,46,105,11.000,26.000,4,0,4,13,4,26,1.000,1.000,.248,.400,.273,.673
"Ruiz, Carlos",C,PHI,132,410,49.000,116.000,23,0,6,40,48,48,1.000,.000,.283,.383,.371,.754
"Ryan, Brendan",SS,SEA,123,436,51.000,108.000,19,3,3,39,34,87,13.000,3.000,.248,.326,.313,.639
"Saltalamacchia, Jarrod",C,BOS,103,358,52.000,84.000,23,3,16,56,24,119,1.000,.000,.235,.450,.288,.737
"Sanchez, Angel",SS,HOU,110,288,35.000,69.000,10,0,1,28,27,44,3.000,.000,.240,.285,.305,.590
"Sanchez, Freddy",2B,SF,60,239,21.000,69.000,15,1,3,24,13,35,.000,1.000,.289,.397,.332,.730
"Sanchez, Gaby",1B,FLA,159,572,72.000,152.000,35,0,19,78,74,97,3.000,1.000,.266,.427,.352,.779
"Sanchez, Hector",C,SF,13,31,.000,8.000,2,0,0,1,3,6,.000,.000,.258,.323,.324,.646
"Sandoval, Pablo",3B,SF,117,426,55.000,134.000,26,3,23,70,32,63,2.000,4.000,.315,.552,.357,.909
"Sands, Jerry",OF,LAD,61,198,20.000,50.000,15,0,4,26,25,51,3.000,3.000,.253,.389,.338,.727
"Santana, Carlos",C/1B,CLE,155,552,84.000,132.000,35,2,27,79,97,133,5.000,3.000,.239,.457,.351,.808
"Santiago, Ramon",2B/SS,DET,100,258,29.000,67.000,11,3,5,30,17,38,.000,.000,.260,.384,.311,.695
"Santos, Omir",C,DET,11,22,1.000,5.000,0,0,0,0,0,4,.000,.000,.227,.227,.227,.455
"Sappelt, Dave",OF,CIN,38,107,14.000,26.000,8,0,0,5,7,17,1.000,1.000,.243,.318,.289,.607
"Sardinha, Dane",C,DET,15,32,8.000,7.000,1,0,0,1,10,13,.000,.000,.219,.250,.419,.669
"Satin, Josh",1B,NYM,15,25,3.000,5.000,1,0,0,2,1,11,.000,.000,.200,.240,.259,.499
"Saunders, Michael",OF,SEA,58,161,16.000,24.000,5,0,2,8,12,56,6.000,2.000,.149,.217,.207,.424
"Schafer, Jordan",OF,HOU,82,302,46.000,73.000,10,3,2,13,28,70,22.000,4.000,.242,.315,.309,.624
"Schafer, Logan",OF,MIL,8,3,1.000,1.000,0,0,0,0,1,1,.000,.000,.333,.333,.500,.833
"Schierholtz, Nate",OF,SF,115,335,42.000,93.000,22,1,9,41,21,61,7.000,4.000,.278,.430,.326,.756
"Schneider, Brian",C,PHI,41,125,11.000,22.000,4,0,2,9,11,35,.000,.000,.176,.256,.246,.502
"Schumaker, Skip",2B/OF,STL,116,366,34.000,103.000,19,0,2,38,27,50,.000,2.000,.281,.350,.332,.681
"Scott, Luke",OF,BAL,64,209,24.000,46.000,11,0,9,22,24,54,1.000,1.000,.220,.402,.301,.703
"Scutaro, Marco",SS,BOS,113,395,59.000,118.000,26,1,7,54,38,36,4.000,2.000,.299,.423,.358,.781
"Seager, Kyle",3B,SEA,53,182,22.000,47.000,13,0,3,13,13,36,3.000,1.000,.258,.379,.312,.691
"Sellers, Justin",SS,LAD,36,123,20.000,25.000,9,0,1,13,12,21,1.000,.000,.203,.301,.283,.583
"Shoppach, Kelly",C,TB,87,221,23.000,39.000,3,0,11,22,19,79,.000,.000,.176,.339,.268,.607
"Shuck, J.B.",OF,HOU,37,81,9.000,22.000,2,1,0,3,11,7,2.000,.000,.272,.321,.359,.680
"Sizemore, Grady",OF,CLE,71,268,34.000,60.000,21,1,10,32,18,85,.000,2.000,.224,.422,.285,.706
"Sizemore, Scott",3B,OAK,110,368,50.000,90.000,22,1,11,56,53,112,5.000,3.000,.245,.399,.342,.741
"Smith, Seth",OF,COL,147,476,67.000,135.000,32,9,15,59,46,93,10.000,2.000,.284,.483,.347,.830
"Smoak, Justin",1B,SEA,123,427,38.000,100.000,24,0,15,55,55,105,.000,.000,.234,.396,.323,.719
"Snider, Travis",OF,TOR,49,187,23.000,42.000,14,0,3,30,11,56,9.000,3.000,.225,.348,.269,.616
"Snyder, Brad",OF,CHC,8,9,1.000,1.000,0,0,0,0,0,6,.000,.000,.111,.111,.111,.222
"Snyder, Brandon",1B,BAL,6,13,2.000,3.000,1,0,0,1,3,4,.000,.000,.231,.308,.412,.719
"Snyder, Chris",C,PIT,34,96,13.000,26.000,3,0,3,17,17,23,.000,1.000,.271,.396,.376,.772
"Sogard, Eric",SS,OAK,27,70,7.000,14.000,3,0,2,4,4,13,.000,.000,.200,.329,.243,.572
"Soriano, Alfonso",OF,CHC,137,475,50.000,116.000,27,1,26,88,27,113,2.000,1.000,.244,.469,.289,.759
"Soto, Geovany",C,CHC,125,421,46.000,96.000,26,0,17,54,45,124,.000,.000,.228,.411,.310,.721
"Span, Denard",OF,MIN,70,284,37.000,75.000,11,5,2,16,27,36,6.000,1.000,.264,.359,.328,.687
"Spears, Nate",OF/2B,BOS,3,4,.000,.000,0,0,0,0,0,1,.000,.000,.000,.000,.000,.000
"Spilborghs, Ryan",OF,COL,98,200,22.000,42.000,8,1,3,22,19,49,2.000,2.000,.210,.305,.283,.588
"Stairs, Matt",DH,FA,56,65,4.000,10.000,1,0,0,2,9,23,.000,.000,.154,.169,.257,.426
"Stanton, Michael",OF,FLA,150,516,79.000,135.000,30,5,34,87,70,166,5.000,5.000,.262,.537,.356,.893
"Stewart, Chris",C,SF,67,162,20.000,33.000,8,0,3,10,16,18,.000,.000,.204,.309,.283,.592
"Stewart, Ian",3B,COL,48,122,14.000,19.000,6,1,0,6,14,37,3.000,2.000,.156,.221,.243,.464
"Stubbs, Drew",OF,CIN,158,604,92.000,147.000,22,3,15,44,63,205,40.000,10.000,.243,.364,.321,.686
"Sutton, Drew",3B,BOS,31,54,11.000,17.000,7,0,0,7,3,13,.000,.000,.315,.444,.362,.807
"Suzuki, Ichiro",OF,SEA,161,677,80.000,184.000,22,3,5,47,39,69,40.000,7.000,.272,.335,.310,.645
"Suzuki, Kurt",C,OAK,134,460,54.000,109.000,26,0,14,44,38,64,2.000,2.000,.237,.385,.301,.686
"Sweeney, Ryan",OF,OAK,108,264,34.000,70.000,11,3,1,25,33,48,1.000,1.000,.265,.341,.346,.687
"Swisher, Nick",OF,NYY,150,526,81.000,137.000,30,0,23,85,95,125,2.000,2.000,.260,.449,.374,.822
"Tabata, Jose",OF,PIT,91,334,53.000,89.000,18,1,4,21,40,61,16.000,7.000,.266,.362,.349,.711
"Tatum, Craig",C,BAL,31,87,7.000,17.000,3,0,0,7,6,21,1.000,.000,.195,.230,.245,.475
"Taylor, Michael",OF,OAK,11,30,4.000,6.000,0,0,1,1,5,11,.000,.000,.200,.300,.314,.614
"Teagarden, Taylor",C,TEX,14,34,3.000,8.000,2,0,0,2,2,13,.000,.000,.235,.294,.278,.572
"Teahen, Mark",3B,TOR,78,160,14.000,32.000,4,0,4,14,16,45,.000,1.000,.200,.300,.273,.573
"Teixeira, Mark",1B,NYY,156,589,90.000,146.000,26,1,39,111,76,110,4.000,1.000,.248,.494,.341,.835
"Tejada, Miguel",3B/SS,FA,91,322,28.000,77.000,16,0,4,26,12,35,4.000,4.000,.239,.326,.270,.596
"Tejada, Ruben",2B/SS,NYM,96,328,31.000,93.000,15,1,0,36,35,50,5.000,1.000,.284,.335,.360,.696
"Tekotte, Blake",OF,SD,19,34,1.000,6.000,1,1,0,1,4,21,2.000,1.000,.176,.265,.263,.528
"Thames, Eric",OF,TOR,95,362,58.000,95.000,24,5,12,37,23,88,2.000,1.000,.262,.456,.313,.769
"Thames, Marcus",OF,FA,36,66,4.000,13.000,1,1,2,7,4,16,.000,.000,.197,.333,.243,.576
"Theriot, Ryan",SS/2B,STL,132,442,46.000,120.000,26,1,1,47,29,41,4.000,6.000,.271,.342,.321,.662
"Thole, Josh",C,NYM,114,340,22.000,91.000,17,0,3,40,38,47,.000,2.000,.268,.344,.345,.690
"Thome, Jim",DH,CLE,93,277,32.000,71.000,16,0,15,50,46,92,.000,.000,.256,.477,.361,.838
"Thurston, Joe",2B,ATL,1,4,.000,1.000,0,0,0,0,0,1,1.000,.000,.250,.250,.250,.500
"Tolbert, Matt",2B/SS,MIN,87,207,22.000,41.000,10,2,0,11,11,31,3.000,2.000,.198,.266,.252,.518
"Toregas, Wyatt",C,PIT,3,4,.000,.000,0,0,0,0,0,1,.000,.000,.000,.000,.000,.000
"Torrealba, Yorvit",C,TEX,113,396,40.000,108.000,27,1,7,37,20,65,.000,2.000,.273,.399,.306,.705
"Torres, Andres",OF,SF,112,348,50.000,77.000,24,1,4,19,42,95,19.000,6.000,.221,.330,.312,.643
"Tosoni, Rene",OF,MIN,60,172,20.000,35.000,7,1,5,22,14,42,.000,2.000,.203,.343,.275,.618
"Towles, J.R.",C,HOU,54,147,11.000,27.000,7,0,3,11,13,26,.000,.000,.184,.293,.256,.549
"Treanor, Matt",C,TEX,72,196,24.000,42.000,6,0,3,22,34,53,2.000,2.000,.214,.291,.338,.628
"Trout, Mike",OF,LAA,40,123,20.000,27.000,6,0,5,16,9,30,4.000,.000,.220,.390,.281,.672
"Trumbo, Mark",1B,LAA,149,539,65.000,137.000,31,1,29,87,25,120,9.000,4.000,.254,.477,.291,.768
"Tulowitzki, Troy",SS,COL,143,537,81.000,162.000,36,2,30,105,59,79,9.000,3.000,.302,.544,.372,.916
"Turner, Justin",2B/3B,NYM,117,435,49.000,113.000,30,0,4,51,39,59,7.000,2.000,.260,.356,.334,.690
"Uggla, Dan",2B,ATL,161,600,88.000,140.000,22,1,36,82,62,156,1.000,3.000,.233,.453,.311,.764
"Upton, B.J.",OF,TB,153,560,82.000,136.000,27,4,23,81,71,161,36.000,13.000,.243,.429,.331,.759
"Upton, Justin",OF,AZ,159,592,105.000,171.000,39,5,31,88,59,126,21.000,9.000,.289,.529,.369,.898
"Uribe, Juan",3B,LAD,76,265,20.000,54.000,11,0,4,28,17,58,2.000,.000,.204,.291,.266,.556
"Utley, Chase",2B,PHI,103,398,54.000,103.000,21,6,11,44,39,47,14.000,.000,.259,.425,.344,.769
"Valaika, Chris",3B,CIN,14,25,3.000,7.000,1,1,0,0,2,3,.000,.000,.280,.400,.333,.733
"Valbuena, Luis",2B,CLE,17,43,4.000,9.000,0,0,1,1,1,9,1.000,.000,.209,.279,.227,.506
"Valdez, Wilson",2B/3B/SS,PHI,98,267,39.000,65.000,13,4,1,30,17,40,3.000,3.000,.243,.333,.287,.620
"Valencia, Danny ",3B,MIN,154,564,63.000,139.000,28,2,15,72,40,102,2.000,6.000,.246,.383,.294,.677
"Varitek, Jason",C,BOS,68,222,32.000,49.000,10,1,11,36,21,67,.000,.000,.221,.423,.300,.723
"Velazquez, Gil",3B/2B,LAA,4,6,.000,3.000,0,0,0,1,0,0,.000,.000,.500,.500,.429,.929
"Velez, Eugenio",2B,LAD,34,37,5.000,.000,0,0,0,1,2,11,1.000,.000,.000,.000,.075,.075
"Venable, Will",OF,SD,120,366,48.000,90.000,14,7,9,44,29,92,25.000,3.000,.246,.396,.307,.703
"Viciedo, Dayan",OF,CHW,29,102,11.000,26.000,3,0,1,6,9,23,1.000,.000,.255,.314,.327,.641
"Victorino, Shane",OF,PHI,132,519,95.000,145.000,27,16,17,61,55,63,19.000,3.000,.279,.491,.355,.847
"Vizquel, Omar",3B,CHW,58,167,18.000,42.000,7,1,0,8,9,18,1.000,2.000,.251,.305,.287,.592
"Votto, Joey",1B,CIN,161,599,101.000,185.000,40,3,29,103,110,129,8.000,6.000,.309,.531,.416,.947
"Walker, Neil",2B,PIT,159,596,76.000,163.000,36,4,12,83,55,112,9.000,6.000,.273,.408,.335,.743
"Wallace, Brett",1B,HOU,114,336,37.000,87.000,22,0,5,29,36,91,1.000,1.000,.259,.369,.334,.703
"Weeks, Jemile",2B,OAK,97,406,50.000,123.000,26,8,2,36,21,62,22.000,11.000,.303,.421,.340,.761
"Weeks, Rickie",2B,MIL,118,453,77.000,122.000,26,2,20,49,50,107,9.000,2.000,.269,.468,.350,.818
"Wells, Casper",OF,SEA,95,215,30.000,51.000,11,0,11,27,18,71,3.000,2.000,.237,.442,.317,.759
"Wells, Vernon",OF,LAA,131,505,60.000,110.000,15,4,25,66,20,86,9.000,4.000,.218,.412,.248,.660
"Werth, Jayson",OF,WSH,150,561,69.000,130.000,26,1,20,58,74,160,19.000,3.000,.232,.389,.330,.718
"Whiteside, Eli",C,SF,82,213,14.000,42.000,8,2,4,17,18,59,2.000,1.000,.197,.310,.264,.574
"Wieters, Matt",C,BAL,139,500,72.000,131.000,28,0,22,68,48,84,1.000,.000,.262,.450,.328,.778
"Wigginton, Ty",3B/1B/OF,COL,130,401,52,97,21,2,15,47,38,84,8,1.000,.242,.416,.315,.731
"Willingham, Josh",OF/DH,OAK,136,488,69,120,26,0,29,98,56,150,4,1.000,.246,.477,.332,.810
"Willits, Reggie",OF,LAA,22,22,0,1,1,0,0,1,4,7,0,.000,.045,.091,.192,.283
"Wilson, Bobby",C,LAA,57,111,5,21,8,0,1,8,10,16,0,2.000,.189,.288,.252,.540
"Wilson, Jack",2B/SS,ATL,79,214,25,52,9,0,0,11,10,39,5,2.000,.243,.285,.274,.559
"Wilson, Josh",3B,MIL,60,85,13,19,5,0,2,5,4,22,1,.000,.224,.353,.258,.611
"Wilson, Mike",OF,SEA,8,27,0,4,1,0,0,3,1,7,0,.000,.148,.185,.179,.364
"Wise, DeWayne",OF,TOR,69,99,10,20,2,1,2,7,3,36,6,2.000,.202,.303,.231,.534
"Wood, Brandon",3B/SS,PIT,105,250,26,54,10,0,7,31,19,73,0,.000,.216,.340,.270,.610
"Woodward, Chris",DH,TOR,11,10,3,0,0,0,0,0,0,4,0,.000,.000,.000,.000,.000
"Worth, Danny",2B,DET,30,37,6,10,2,0,0,3,2,9,0,.000,.270,.324,.308,.632
"Wright, David",3B,NYM,102,389,60.000,99.000,23,1,14,61,52,97,13.000,2.000,.254,.427,.345,.771
"Youkilis, Kevin",3B,BOS,120,431,68.000,111.000,32,2,17,80,68,100,3.000,.000,.258,.459,.373,.833
"Young, Chris",OF,AZ,156,567,89.000,134.000,38,3,20,71,80,139,22.000,9.000,.236,.420,.331,.751
"Young, Delmon",OF,DET,124,473,54.000,128.000,21,1,12,64,23,85,1.000,.000,.271,.395,.304,.700
"Young, Matt",OF,ATL,20,48,4.000,10.000,1,0,0,1,4,6,.000,1.000,.208,.229,.269,.498
"Young, Michael",DH/3B/1B,TEX,159,631,88.000,213.000,41,6,11,105,47,78,6.000,2.000,.338,.474,.380,.854
"Young Jr., Eric",OF,COL,77,198,34.000,49.000,4,3,0,10,26,38,27.000,4.000,.247,.298,.342,.640
"Zimmerman, Ryan",3B,WSH,101,395,52.000,114.000,21,2,12,49,41,73,3.000,1.000,.289,.443,.355,.798
"Zobrist, Ben",2B/OF,TB,156,588,99.000,158.000,46,6,20,91,77,128,19.000,6.000,.269,.469,.353,.822
